id,body,author_name,created_on,comments,positive_comments,negative_comments
1,Voluptatem voluptatem eius numquam neque magnam.,Nelson Schacht,2019-08-02,2,2,0
2,Eius amet consectetur ipsum voluptatem neque.,Georgia Stoica,2019-08-02,3,2,1
3,Aliquam dolorem non etincidunt.,Judy Trammell,2019-08-02,6,1,5
4,Adipisci dolore etincidunt est numquam dolor.,Hattie Davis,2019-08-02,2,2,0
5,Ut est quiquia modi voluptatem.,Marion Jones,2019-08-02,4,1,3
6,Dolor neque ut sit dolore sed.,Lupe Cho,2019-08-02,1,0,1
7,Consectetur quaerat sit adipisci dolor velit.,James Pagel,2019-08-02,2,1,1
8,Tempora consectetur quisquam voluptatem adipisci magnam etincidunt.,Mario Watkins,2019-08-02,5,5,0
9,Velit amet quiquia non velit magnam.,Daniel Massie,2019-08-02,4,2,2
10,Dolore dolor dolore porro modi neque quisquam.,Louis Ambrose,2019-08-02,1,1,0
11,Adipisci sit voluptatem labore neque.,David Vega,2019-08-02,2,2,0
12,Amet eius quiquia magnam est.,Louis Atkinson,2019-08-02,4,3,1
13,Ut non numquam est non non neque.,Wendy Jensen,2019-08-02,2,1,1
14,Quiquia sit porro modi ipsum ipsum sed.,Bobby Garner,2019-08-02,2,0,2
15,Sed adipisci neque voluptatem.,Ralph Avery,2019-08-02,4,2,2
16,Adipisci magnam ipsum amet ut.,Eric Hamberg,2019-08-02,2,1,1
17,Quiquia voluptatem est sit porro etincidunt ut.,Terry Mccarthy,2019-08-02,4,1,3
18,Quaerat quisquam ipsum sit neque.,Laila Beatty,2019-08-02,2,1,1
19,Tempora adipisci etincidunt non.,Jay Poindexter,2019-08-02,3,2,1
20,Dolorem sit eius tempora non etincidunt quisquam eius.,Tammy Jones,2019-08-02,3,3,0
21,Labore est labore tempora sed adipisci sed sit.,Ward Gaither,2019-08-02,1,0,1
22,Ipsum sit quisquam sit.,Elidia Skinner,2019-08-02,1,0,1
23,Dolor ut magnam neque.,Jose Williams,2019-08-02,3,1,2
24,Non quaerat labore quiquia magnam.,Edward Bowen,2019-08-02,2,0,2
25,Numquam sit quiquia velit dolore quaerat quaerat.,Gary Williams,2019-08-02,2,2,0
26,Quiquia consectetur modi neque.,Vera Laster,2019-08-02,3,1,2
27,Dolor voluptatem est ut labore eius non.,Mary Myers,2019-08-02,2,1,1
28,Neque dolor numquam dolore tempora.,Judith Driver,2019-08-02,2,0,2
29,Dolorem quisquam magnam amet labore quaerat.,Kathryn Pack,2019-08-02,5,4,1
30,Est non velit consectetur sit eius.,Nancy Diggs,2019-08-02,3,2,1
31,Labore aliquam quiquia quisquam dolorem quisquam.,William Young,2019-08-02,3,2,1
32,Ut non labore eius voluptatem numquam.,Adam Hart,2019-08-02,4,2,2
33,Quiquia sit sed quiquia consectetur.,Terra Cotton,2019-08-02,1,0,1
34,Labore amet modi sit tempora tempora.,Vera Campbell,2019-08-02,1,1,0
35,Ipsum ut voluptatem dolore.,Mai Hall,2019-08-02,2,1,1
36,Quisquam sit aliquam sit amet dolor labore.,Bobbie Tobin,2019-08-02,3,2,1
37,Non magnam velit porro dolore amet ut labore.,Micah Sherman,2019-08-02,1,1,0
38,Dolore ipsum quaerat modi consectetur dolore etincidunt quiquia.,Maria Faulk,2019-08-02,2,2,0
39,Magnam amet eius magnam est amet.,Steven Wall,2019-08-02,4,2,2
40,Amet est quaerat adipisci dolor magnam ipsum voluptatem.,Sandra Carlsen,2019-08-02,1,1,0
41,Dolor dolorem porro ut ut amet consectetur est.,Nathaniel Desch,2019-08-02,2,1,1
42,Quisquam est eius amet tempora magnam neque magnam.,Jennifer Branch,2019-08-02,4,0,4
43,Labore labore sed amet neque eius porro adipisci.,Sonny Jones,2019-08-02,7,4,3
44,Etincidunt modi velit dolorem ipsum eius.,Salvatore Dawson,2019-08-02,1,1,0
45,Voluptatem sit sed etincidunt dolor.,Robert Smith,2019-08-02,3,0,3
46,Sit etincidunt dolorem etincidunt amet adipisci quiquia eius.,Sean Johnson,2019-08-02,2,0,2
47,Consectetur dolor adipisci velit tempora etincidunt numquam labore.,Merlin Donoho,2019-08-02,1,0,1
48,Dolor porro voluptatem non adipisci voluptatem est etincidunt.,Marina Oliver,2019-08-02,2,0,2
49,Voluptatem dolorem amet non modi modi consectetur magnam.,Mary Kuester,2019-08-02,5,4,1
50,Sit velit dolor tempora amet.,Regina Franch,2019-08-02,4,3,1
51,Velit tempora dolor consectetur etincidunt aliquam sed dolorem.,Linda Ramsey,2019-08-02,1,0,1
52,Numquam eius quisquam sed dolore sed.,James Martinez,2019-08-02,4,3,1
53,Dolorem quaerat sit labore porro ipsum.,George Philbrook,2019-08-02,2,1,1
54,Dolore quaerat quiquia magnam aliquam adipisci quisquam quisquam.,Jason Shea,2019-08-02,3,2,1
55,Dolore tempora dolore numquam est numquam sit.,Dorothy Reyes,2019-08-02,2,2,0
56,Amet dolor magnam magnam.,Francisco King,2019-08-02,2,1,1
57,Ipsum non neque dolorem adipisci.,Steven Watt,2019-08-02,0,0,0
58,Quiquia sit neque dolor porro voluptatem porro.,Kent Smith,2019-08-02,0,0,0
59,Sed numquam dolore non quisquam eius sit consectetur.,Anna Flynn,2019-08-02,4,2,2
60,Est dolore quiquia modi.,Marilyn Jones,2019-08-02,5,2,3
61,Neque porro tempora neque.,Angela Garza,2019-08-02,1,0,1
62,Aliquam amet adipisci ipsum neque.,John Carter,2019-08-02,5,4,1
63,Sed dolor adipisci porro.,John Tyson,2019-08-02,2,1,1
64,Sed non ut ipsum.,Daniel Kilkenny,2019-08-02,0,0,0
65,Est quaerat quisquam modi dolorem.,Thomas Sculley,2019-08-02,4,1,3
66,Etincidunt dolor consectetur magnam.,Sara Brown,2019-08-02,1,0,1
67,Quisquam eius amet tempora magnam est consectetur etincidunt.,Logan Berkey,2019-08-02,1,0,1
68,Sed non quaerat velit ut dolore quiquia amet.,Timothy Jones,2019-08-02,1,1,0
69,Labore porro ipsum quisquam quaerat voluptatem etincidunt.,Jessica Grose,2019-08-02,0,0,0
70,Aliquam eius labore dolore eius ipsum porro velit.,Diann Miller,2019-08-02,3,1,2
71,Quisquam porro non voluptatem non aliquam.,Melissa Mcdonald,2019-08-02,7,2,5
72,Voluptatem dolor amet quaerat quisquam etincidunt neque dolor.,Allyson Kilkenny,2019-08-02,3,1,2
73,Quisquam quaerat aliquam non adipisci tempora.,Henry Cahill,2019-08-02,5,3,2
74,Sit quaerat est non.,Angel Kimmell,2019-08-02,7,2,5
75,Dolorem sit labore labore quaerat voluptatem quiquia.,William Doyle,2019-08-02,3,1,2
76,Dolor aliquam dolorem sit.,Brian Williams,2019-08-02,1,1,0
77,Quisquam aliquam aliquam eius ipsum.,Donald Brooks,2019-08-02,3,2,1
78,Etincidunt non sed dolorem.,Anthony Wallace,2019-08-02,0,0,0
79,Sit velit velit aliquam voluptatem ipsum quisquam aliquam.,Brittany Jack,2019-08-02,2,2,0
80,Quisquam dolore dolore non tempora.,Kirby Altieri,2019-08-02,1,1,0
81,Neque est neque adipisci porro dolor.,Jane Ramos,2019-08-02,4,2,2
82,Sed aliquam sed etincidunt.,Theodore Leasure,2019-08-02,2,0,2
83,Modi tempora sed adipisci ipsum non modi.,Sandra Cutlip,2019-08-02,0,0,0
84,Aliquam labore adipisci dolorem non aliquam.,Missy James,2019-08-02,3,2,1
85,Amet dolore aliquam numquam dolore amet.,Spencer Sundahl,2019-08-02,0,0,0
86,Est sit dolore consectetur.,Caroline Poore,2019-08-02,2,2,0
87,Non dolore porro dolorem porro eius voluptatem.,Erica Houghtaling,2019-08-02,3,1,2
88,Magnam dolorem quiquia quaerat.,Lewis Thao,2019-08-02,6,5,1
89,Quaerat eius ut non.,Helen Walker,2019-08-02,1,1,0
90,Aliquam sit ipsum est quiquia.,Jessica Brown,2019-08-02,0,0,0
91,Numquam ipsum sed modi modi ipsum velit magnam.,Bettye Foster,2019-08-02,2,1,1
92,Quiquia non etincidunt sed.,Gary Laclair,2019-08-02,2,2,0
93,Sed aliquam amet non.,Lawrence Aldrich,2019-08-02,4,1,3
94,Quiquia porro dolore ipsum est.,Justin Sutton,2019-08-02,5,1,4
95,Labore dolore non tempora.,Glenn Danley,2019-08-02,6,2,4
96,Voluptatem modi sed ut aliquam voluptatem ipsum porro.,Anne Ballard,2019-08-02,5,1,4
97,Numquam sed labore dolor.,Amber Taylor,2019-08-02,4,3,1
98,Eius dolor magnam consectetur.,William Perdomo,2019-08-02,2,1,1
99,Magnam dolore quiquia etincidunt eius dolore adipisci.,Colleen Williams,2019-08-02,5,2,3
100,Magnam porro non dolorem amet etincidunt.,Eva Cardenas,2019-08-02,2,2,0
101,Quaerat magnam dolorem etincidunt aliquam sit sit.,Maryann Damelio,2019-08-02,1,0,1
102,Quaerat porro consectetur est.,John Reece,2019-08-02,4,1,3
103,Quaerat quiquia etincidunt sed etincidunt.,David Berg,2019-08-02,3,1,2
104,Amet numquam est modi etincidunt adipisci ipsum.,Susan Hughes,2019-08-02,3,0,3
105,Ipsum amet adipisci eius velit.,Richard Kath,2019-08-02,3,3,0
106,Sit dolorem ipsum quaerat dolorem porro dolor dolorem.,Frederic Kunkel,2019-08-02,3,2,1
107,Tempora quisquam dolore quisquam adipisci quisquam magnam sit.,Sonja Hill,2019-08-02,0,0,0
108,Numquam amet amet magnam magnam.,Wilson Cloutier,2019-08-02,5,5,0
109,Non voluptatem sit quisquam quisquam aliquam quaerat.,Brian Trask,2019-08-02,0,0,0
110,Ipsum neque eius quisquam magnam adipisci amet eius.,William Smith,2019-08-02,3,0,3
111,Tempora ipsum modi labore velit non numquam.,Dolores Raines,2019-08-02,5,5,0
112,Sit dolorem sed dolorem non ut.,James Ellison,2019-08-02,3,0,3
113,Dolor sed ut velit sit eius labore.,Ivan Roman,2019-08-02,1,0,1
114,Quisquam modi velit quiquia est adipisci.,Frank Berard,2019-08-02,5,3,2
115,Neque ipsum numquam sit dolore quiquia amet est.,James Cookman,2019-08-02,1,0,1
116,Dolor etincidunt sit amet quaerat dolorem.,Tricia Pokorny,2019-08-02,0,0,0
117,Numquam neque porro dolor.,William Bennett,2019-08-02,3,2,1
118,Dolor amet velit ipsum porro.,Jesse Link,2019-08-02,2,1,1
119,Tempora quisquam dolorem non voluptatem modi.,Colleen Schmidt,2019-08-02,2,2,0
120,Etincidunt amet magnam dolor modi modi.,Doris Higgins,2019-08-02,0,0,0
121,Amet tempora dolor sit dolorem aliquam quaerat.,Megan Mays,2019-08-02,1,0,1
122,Magnam quisquam modi ipsum ipsum non modi quisquam.,Howard Woods,2019-08-02,2,0,2
123,Quaerat quisquam dolorem dolor sit dolorem velit adipisci.,Mary Perez,2019-08-02,2,0,2
124,Aliquam est ipsum aliquam adipisci quisquam.,Diane Stockton,2019-08-02,2,0,2
125,Sit voluptatem modi ut quaerat velit.,Darla Ruacho,2019-08-02,3,1,2
126,Labore eius quaerat dolorem magnam quaerat.,Michael Berry,2019-08-02,3,2,1
127,Tempora modi neque ut consectetur.,Ethel Toll,2019-08-02,2,1,1
128,Ut est dolor sed numquam quisquam ipsum.,Patrica Morris,2019-08-02,5,4,1
129,Neque est sit non aliquam sed.,David Egersdorf,2019-08-02,1,0,1
130,Ut ipsum etincidunt voluptatem sit quiquia porro porro.,Louise Greenberg,2019-08-02,3,3,0
131,Labore consectetur ut modi sit quisquam quisquam non.,James Riffle,2019-08-02,5,3,2
132,Consectetur eius amet voluptatem consectetur dolorem.,Yvonne Lewis,2019-08-02,1,0,1
133,Eius voluptatem ipsum quisquam.,Joseph Richardson,2019-08-02,2,1,1
134,Quiquia adipisci quaerat est amet.,Anthony Long,2019-08-02,4,1,3
135,Neque tempora quiquia quaerat non sit quiquia modi.,Mark Brunette,2019-08-02,1,0,1
136,Magnam porro consectetur porro.,Brian Williams,2019-08-02,0,0,0
137,Ut magnam quaerat quisquam sit quisquam sit.,Sandra Mcelroy,2019-08-02,4,3,1
138,Dolorem numquam velit dolor dolorem.,Emery Gould,2019-08-02,2,2,0
139,Ipsum dolore magnam consectetur sed eius porro quisquam.,Randy Gibbons,2019-08-02,3,3,0
140,Aliquam velit quisquam adipisci.,Heather Clifford,2019-08-02,3,1,2
141,Voluptatem eius adipisci sed adipisci labore quiquia.,Kim Bowers,2019-08-02,3,2,1
142,Tempora adipisci sit etincidunt numquam est magnam.,Jason King,2019-08-02,5,2,3
143,Magnam dolorem amet quaerat quisquam labore.,Georgia Brokaw,2019-08-02,3,1,2
144,Dolorem non non dolore.,Mohammad Henderson,2019-08-02,2,2,0
145,Labore porro ipsum consectetur etincidunt.,Catherine Ward,2019-08-02,1,1,0
146,Ipsum dolorem aliquam labore quisquam ut.,Rosemary Walker,2019-08-02,2,2,0
147,Ut quaerat dolorem velit.,Leonard Saunders,2019-08-02,2,1,1
148,Velit amet modi sit.,Frances Houis,2019-08-02,5,3,2
149,Porro dolorem neque consectetur voluptatem porro modi numquam.,Greg Alvardo,2019-08-02,2,1,1
150,Adipisci sed ut labore neque magnam amet.,Christina Bevens,2019-08-02,3,2,1
151,Voluptatem sit sit voluptatem velit eius non.,Xavier Brown,2019-08-02,0,0,0
152,Quiquia labore velit magnam porro porro neque aliquam.,David Franz,2019-08-02,2,0,2
153,Sit dolore non quisquam sit eius quaerat dolorem.,Brittney Cole,2019-08-02,4,2,2
154,Non neque porro quaerat dolor dolorem modi.,Nelly Cooper,2019-08-02,1,1,0
155,Sit adipisci magnam velit ipsum numquam tempora.,Berniece Propst,2019-08-02,1,1,0
156,Est adipisci consectetur tempora sit quiquia.,Bambi Blain,2019-08-02,4,1,3
157,Dolorem modi sed velit modi porro quiquia.,Stephanie Keitel,2019-08-02,2,0,2
158,Quisquam labore magnam ut.,Brian Karns,2019-08-02,2,1,1
159,Non dolore sed neque.,Amanda Hardy,2019-08-02,4,1,3
160,Porro quaerat dolor neque.,Ashley Mojica,2019-08-02,4,3,1
161,Aliquam sit eius porro neque ipsum est modi.,Edith Hite,2019-08-02,3,2,1
162,Quiquia quisquam voluptatem dolor dolorem modi magnam.,Tracey Smith,2019-08-02,2,1,1
163,Non modi quisquam labore sit consectetur neque.,Dan Adams,2019-08-02,3,2,1
164,Numquam dolorem neque numquam non.,Shelby Rodgers,2019-08-02,3,1,2
165,Aliquam ut consectetur etincidunt voluptatem ipsum.,Melinda Adams,2019-08-02,1,1,0
166,Tempora quiquia quisquam quiquia quiquia dolor aliquam.,Vaughn Henry,2019-08-02,1,1,0
167,Adipisci magnam quiquia tempora.,Kevin Morgan,2019-08-02,1,0,1
168,Quiquia labore adipisci amet.,Nathan Parker,2019-08-02,2,2,0
169,Labore tempora etincidunt voluptatem dolor sed sit.,Linda Ritter,2019-08-02,3,2,1
170,Eius porro dolore eius.,William Kingsbury,2019-08-02,3,2,1
171,Modi tempora labore tempora etincidunt sed sed modi.,Lawrence Andersen,2019-08-02,3,2,1
172,Est ut modi aliquam eius dolore.,Janet Teeter,2019-08-02,1,1,0
173,Aliquam dolorem ipsum voluptatem.,Christopher Dickerson,2019-08-02,4,3,1
174,Amet dolor ipsum labore modi voluptatem modi labore.,Daniel Hoffman,2019-08-02,2,1,1
175,Adipisci consectetur numquam quiquia etincidunt consectetur sit eius.,Donald Merrifield,2019-08-02,3,1,2
176,Sed modi est quisquam quisquam quiquia consectetur.,Ryan Dash,2019-08-02,4,2,2
177,Amet tempora quiquia dolore.,Brandy Miller,2019-08-02,0,0,0
178,Tempora adipisci etincidunt quaerat consectetur porro.,Cindy Harris,2019-08-02,2,2,0
179,Consectetur numquam adipisci eius.,David Sweeney,2019-08-02,3,2,1
180,Est amet magnam porro magnam voluptatem est numquam.,James Bigbee,2019-08-02,0,0,0
181,Amet etincidunt modi quaerat tempora consectetur.,Dan Holmes,2019-08-02,0,0,0
182,Dolor adipisci consectetur neque quiquia sit.,Loretta Mcguire,2019-08-02,1,1,0
183,Modi etincidunt quaerat dolor ut labore dolor quiquia.,Molly Paddock,2019-08-02,0,0,0
184,Consectetur consectetur voluptatem ipsum amet neque quaerat.,Megan Mayfield,2019-08-02,2,0,2
185,Eius ut modi sit.,James Parker,2019-08-02,3,2,1
186,Eius sit quiquia sit.,Latoya Kelly,2019-08-02,5,0,5
187,Modi velit porro voluptatem.,William Powers,2019-08-02,5,3,2
188,Est ipsum est dolore dolor.,Michael Townes,2019-08-02,2,0,2
189,Dolorem quaerat amet eius.,Mary Larry,2019-08-02,1,0,1
190,Quaerat numquam amet modi eius ipsum neque.,Cheryl Rosemond,2019-08-02,1,1,0
191,Neque dolore ut numquam est est est.,Charlotte Dettloff,2019-08-02,5,3,2
192,Quisquam dolorem sit modi numquam sed quisquam.,Ira Barco,2019-08-02,2,1,1
193,Etincidunt aliquam sed dolor adipisci etincidunt.,John Vick,2019-08-02,1,1,0
194,Aliquam sed tempora voluptatem dolorem voluptatem.,James Cervantes,2019-08-02,2,1,1
195,Sed etincidunt voluptatem dolor sit adipisci labore.,Joaquin Colston,2019-08-02,0,0,0
196,Modi modi labore velit quaerat est dolor dolor.,James Lambert,2019-08-02,7,4,3
197,Quiquia adipisci eius amet.,Angela Ward,2019-08-02,3,2,1
198,Porro modi etincidunt est dolorem porro modi.,Glennis Saville,2019-08-02,2,1,1
199,Dolorem modi amet magnam modi dolor ut aliquam.,Susan Lewis,2019-08-02,0,0,0
200,Neque ut etincidunt porro.,Tomas Uriegas,2019-08-02,0,0,0
